id;user_email;password_salt;password_hash
1;Manager compress Guinea-Bissau;alliance withdrawal;Borders Auto
2;models CSS;Regional hacking;Avon bluetooth paradigm
3;Sleek transmitting Plastic;Montana;Account Creative Table
4;Fantastic innovative Carolina;quantifying Investment;York Automotive
5;synthesizing;Avon interface Director;Rial Tajikistan
6;Fish Keyboard Configuration;sticky Bacon Metal;Senior Bike Future
7;Illinois Multi-lateral;Oval;protocol Palau
8;Salad;wireless payment;Steel Account architectures
9;Intelligent;Granite;pixel Home Auto
10;Trace;Account Pound;markets Future olive
